NAME,ID,LINK,SIZE,PRESET
CBA_A3,450814997,https://steamcommunity.com/sharedfiles/filedetails/?id=450814997,0.00455,Core
ace,463939057,https://steamcommunity.com/sharedfiles/filedetails/?id=463939057,0.22477,Core
RHSUSAF,843577117,https://steamcommunity.com/sharedfiles/filedetails/?id=843577117,7.951,AM2 Main
RHSAFRF,843425103,https://steamcommunity.com/sharedfiles/filedetails/?id=843425103,7.516,AM2 Main
ACE3 Arsenal Extended - Core,2522638637,https://steamcommunity.com/sharedfiles/filedetails/?id=2522638637,0.0197,Core
Enhanced Movement,333310405,https://steamcommunity.com/sharedfiles/filedetails/?id=333310405,0.00063,Core
Em_Buildings,671539540,https://steamcommunity.com/sharedfiles/filedetails/?id=671539540,0.08035,Maps
Jbad,520618345,https://steamcommunity.com/sharedfiles/filedetails/?id=520618345,3.192,Maps
Really Useless Objects Pack,2954960408,https://steamcommunity.com/sharedfiles/filedetails/?id=2954960408,0.68193,Maps
CUP Terrains - Core,583496184,https://steamcommunity.com/sharedfiles/filedetails/?id=583496184,11.751,Maps
RHSSAF,843632231,https://steamcommunity.com/sharedfiles/filedetails/?id=843632231,0.85662,AM2 Main
RHSGREF,843593391,https://steamcommunity.com/sharedfiles/filedetails/?id=843593391,2.892,AM2 Main
KAT - Advanced Medical,2020940806,https://steamcommunity.com/sharedfiles/filedetails/?id=2020940806,0.11126,Core
VSM All-In-One Collection,823636749,https://steamcommunity.com/sharedfiles/filedetails/?id=823636749,2.415,AM2 Main
Zeus Enhanced,1779063631,https://steamcommunity.com/sharedfiles/filedetails/?id=1779063631,0.00362,Core
ACE3 Arsenal Extended - Vanilla (and ACE),2939048233,https://steamcommunity.com/sharedfiles/filedetails/?id=2939048233,0.00065,Core
Contact CBA JointRails Compatibility,1888068830,https://steamcommunity.com/sharedfiles/filedetails/?id=1888068830,0.00033,Core
Prone Launcher,1841047025,https://steamcommunity.com/sharedfiles/filedetails/?id=1841047025,5e-05,Core
VET_Unflipping,1703187116,https://steamcommunity.com/sharedfiles/filedetails/?id=1703187116,4e-05,Core
ILBE Assault Pack - Rewrite,1875281645,https://steamcommunity.com/sharedfiles/filedetails/?id=1875281645,0.05709,Core
CF_BAI,2895905998,https://steamcommunity.com/sharedfiles/filedetails/?id=2895905998,0.00022,Core
DUI - Squad Radar,1638341685,https://steamcommunity.com/sharedfiles/filedetails/?id=1638341685,0.00175,Core
Carry,2730530287,https://steamcommunity.com/sharedfiles/filedetails/?id=2730530287,3e-05,Core
cTab 1erGTD,2262006564,https://steamcommunity.com/sharedfiles/filedetails/?id=2262006564,0.01471,Core
Gruppe Adler Trenches,1224892496,https://steamcommunity.com/sharedfiles/filedetails/?id=1224892496,0.01681,Core
Vehicle Inventory System,2161671937,https://steamcommunity.com/sharedfiles/filedetails/?id=2161671937,0.00029,Core
TAW View Distance - Addon,2146956380,https://steamcommunity.com/sharedfiles/filedetails/?id=2146956380,3e-05,Core
Enhanced Movement Rework,2034363662,https://steamcommunity.com/sharedfiles/filedetails/?id=2034363662,0.00022,Core
BackpackOnChest,820924072,https://steamcommunity.com/sharedfiles/filedetails/?id=820924072,0.00012,Core
Sling Load Rigging,2128676112,https://steamcommunity.com/sharedfiles/filedetails/?id=2128676112,0.01716,Core
Markersplus,3364990415,https://steamcommunity.com/sharedfiles/filedetails/?id=3364990415,0.00117,Unknown
Photon VFX - Smoke,3001088972,https://steamcommunity.com/sharedfiles/filedetails/?id=3001088972,2e-05,Core
Task Force Arrowhead Radio (BETA!!!),894678801,https://steamcommunity.com/sharedfiles/filedetails/?id=894678801,0.086,Core
ACE TFAR BETA Setter,2308314429,https://steamcommunity.com/sharedfiles/filedetails/?id=2308314429,9e-05,Core
USAF Mod - Main,2397360831,https://steamcommunity.com/sharedfiles/filedetails/?id=2397360831,0.388,AM2 Main
FIR AWS(AirWeaponSystem),366425329,https://steamcommunity.com/sharedfiles/filedetails/?id=366425329,1.498,AM2 Main
UMB Colombia,2266710560,https://steamcommunity.com/sharedfiles/filedetails/?id=2266710560,0.61528,Unknown
LYTHIUM,909547724,https://steamcommunity.com/sharedfiles/filedetails/?id=909547724,1.452,Maps
Lingor/Dingor Island,718649903,https://steamcommunity.com/sharedfiles/filedetails/?id=718649903,0.77448,Maps
Distrikt 41 - Ruegen,835257174,https://steamcommunity.com/sharedfiles/filedetails/?id=835257174,1.404,Maps
Kunduz River,3078351739,https://steamcommunity.com/sharedfiles/filedetails/?id=3078351739,0.22577,Maps
Sehreno,2876540929,https://steamcommunity.com/sharedfiles/filedetails/?id=2876540929,0.88266,Maps
Global Ops Terrains,2917444360,https://steamcommunity.com/sharedfiles/filedetails/?id=2917444360,0.92318,Maps
Mehland,3317364155,https://steamcommunity.com/sharedfiles/filedetails/?id=3317364155,0.72577,Maps
ACE Extended Arsenal Compatibility - RHS Complete,2948112894,https://steamcommunity.com/sharedfiles/filedetails/?id=2948112894,0.00019,AM2 Main
ACEAX ACE Equipment Compat,2927505555,https://steamcommunity.com/sharedfiles/filedetails/?id=2927505555,3e-05,AM2 Main
Alegro Additional AIO,3326685753,https://steamcommunity.com/sharedfiles/filedetails/?id=3326685753,0.00058,AM2 Main
AV-8B Harrier 2,1260802825,https://steamcommunity.com/sharedfiles/filedetails/?id=1260802825,0.36031,AM2 Main
Breaching Charge,1314910827,https://steamcommunity.com/sharedfiles/filedetails/?id=1314910827,6e-05,AM2 Main
C-5 Galaxy,3390219536,https://steamcommunity.com/sharedfiles/filedetails/?id=3390219536,0.08509,AM2 Main
Crows Electronic Warfare,2515887728,https://steamcommunity.com/sharedfiles/filedetails/?id=2515887728,0.03065,AM2 Main
Geran-2 & Shahed-136,3018590213,https://steamcommunity.com/sharedfiles/filedetails/?id=3018590213,0.02309,AM2 Main
Grenade Launcher Additions,3350314789,https://steamcommunity.com/sharedfiles/filedetails/?id=3350314789,5e-05,AM2 Main
GX - AM Objects,2753749876,https://steamcommunity.com/sharedfiles/filedetails/?id=2753749876,0.07847,Unknown
GX - Blanco Cartel (Faction Mod),2835569439,https://steamcommunity.com/sharedfiles/filedetails/?id=2835569439,0.0192,AM2 Main
GX - Net Mask,2929366693,https://steamcommunity.com/sharedfiles/filedetails/?id=2929366693,0.02854,AM2 Main
GX - Patches,2674362464,https://steamcommunity.com/sharedfiles/filedetails/?id=2674362464,0.00206,AM2 Main
Improved RHS MiG-29SM + FIR support,2987850906,https://steamcommunity.com/sharedfiles/filedetails/?id=2987850906,0.01379,AM2 Main
JCA - Infantry Arsenal,3333302397,https://steamcommunity.com/sharedfiles/filedetails/?id=3333302397,0.71189,AM2 Main
JCA - QOL Essentials V2,3032405142,https://steamcommunity.com/sharedfiles/filedetails/?id=3032405142,0.01671,AM2 Main
PLA Armored Vehicles Pack,2578187969,https://steamcommunity.com/sharedfiles/filedetails/?id=2578187969,1.652,AM2 Main
Project - Future Vertical Lift,1686321576,https://steamcommunity.com/sharedfiles/filedetails/?id=1686321576,0.12051,AM2 Main
RKSL Studios - Attachments v3.02,1661066023,https://steamcommunity.com/sharedfiles/filedetails/?id=1661066023,0.09226,AM2 Main
Simple Armbands,2778578325,https://steamcommunity.com/sharedfiles/filedetails/?id=2778578325,0.005,AM2 Main
Su-25SM3 Grach,1493291920,https://steamcommunity.com/sharedfiles/filedetails/?id=1493291920,0.09303,AM2 Main
TAW - GX-AMR MK1 Sabertooth,2983834340,https://steamcommunity.com/sharedfiles/filedetails/?id=2983834340,0.01514,AM2 Main
TAW Community Pack - Aux,3408154380,https://steamcommunity.com/sharedfiles/filedetails/?id=3408154380,0.02377,AM2 Main
TAW Community Pack - Core,3038124203,https://steamcommunity.com/sharedfiles/filedetails/?id=3038124203,0.0012,AM2 Main
TAW Community Pack - Maps,3038082542,https://steamcommunity.com/sharedfiles/filedetails/?id=3038082542,4e-05,AM2 Main
Unconventional Actors,2890312862,https://steamcommunity.com/sharedfiles/filedetails/?id=2890312862,1.153,AM2 Main
USAF Mod - Fighters,2397371875,https://steamcommunity.com/sharedfiles/filedetails/?id=2397371875,0.63123,AM2 Main
USAF Mod - Utility,2397376046,https://steamcommunity.com/sharedfiles/filedetails/?id=2397376046,0.56666,AM2 Main
VSM - ACE3 Compatibility,1974559189,https://steamcommunity.com/sharedfiles/filedetails/?id=1974559189,8e-05,AM2 Main
TAW Preset - AM2 Battalion,2293037577,https://steamcommunity.com/sharedfiles/filedetails/?id=2293037577,0.11983,Unknown
